id,priority,cpu_demand,memory_demand,data_size,exec,container_cpu,container_mem
0,High,447,1878,85.89266219342883,0.4932975074218514,0.30000000000000004,1.0
1,Low,255,399,97.07979502954392,1.6152400497037807,0.2,0.1
2,Medium,805,1098,35.24638760942964,0.5161757530490855,0.30000000000000004,1.0
3,Medium,279,339,13.990713924305807,0.2613196474304021,0.2,0.7000000000000001
4,Medium,649,1253,13.992623197303502,0.5470559196989562,1.0,1.0
5,Medium,642,1796,25.060671668116044,1.7708831918027685,0.4,0.1
6,Medium,858,1020,8.562512702535322,1.3856530098802768,0.2,0.8
7,Low,694,1896,17.95777493860918,1.3057363609566464,0.9,0.6000000000000001
8,Low,337,442,56.783612349640165,1.824576820892553,0.4,0.8
9,Low,235,1538,86.57764786038165,0.14394421585192957,0.6000000000000001,0.30000000000000004
10,Low,565,852,46.838293505929556,1.0469321235269857,0.1,0.5
11,Low,984,1076,1.7784995266633483,0.2843726037819436,0.6000000000000001,0.8
12,Low,298,1644,15.08098104480914,0.45687295294104924,0.8,0.6000000000000001
13,High,831,197,42.85715421365356,1.416020705647689,0.4,0.7000000000000001
14,Medium,586,1331,87.19322478687366,0.6893887084379275,0.9,0.8
15,Low,432,1361,63.38735690546383,1.2706724811219428,1.0,0.5
16,High,584,1562,10.168747123831611,1.8293509459391466,0.4,0.7000000000000001
17,Medium,829,525,77.88452223595787,0.5936030402264869,0.5,0.8
18,Medium,24,77,46.08289852570854,1.8793284045746115,0.7000000000000001,0.8
19,High,856,207,94.39462764406477,1.917788327826201,0.6000000000000001,0.4
20,Medium,380,1458,41.759224487495565,1.2134180182698193,0.4,0.2
21,Low,281,1012,2.6271814600399206,1.2286338775708407,0.6000000000000001,0.9
22,Low,129,1961,45.59697809178491,0.3903871612731714,0.7000000000000001,0.1
23,Medium,729,1431,4.307987104704234,0.46837826862275,0.30000000000000004,0.2
24,High,595,1907,88.9410821614656,0.8361072083505408,0.9,0.8
25,Medium,289,106,35.09460262663882,0.12181307535876609,0.6000000000000001,0.7000000000000001
26,High,199,1050,76.21231596847177,0.43349103472969264,0.1,0.7000000000000001
27,Medium,84,1562,75.44123128152376,0.848427499239683,0.5,1.0
28,Medium,36,1809,35.552985318471926,1.8786342770449904,0.8,0.7000000000000001
29,Low,385,642,91.78263482960334,1.175830821934904,0.1,1.0
